{
  "p_gate": 0.026200873362445413,
  "full_p": 0.029154518950437316,
  "mode": "widened"
}