{
  "p_gate": 0.02480230050323508,
  "full_p": 0.02480230050323508,
  "mode": "widened"
}