{
  "p_gate": 0.025499362515937103,
  "full_p": 0.033773861967694566,
  "mode": "widened"
}