conf,frac,n
0.19244248057290872,0.19244248057290872,52504
