conf,frac,n
0.03927538438118435,0.03927538438118435,26276
