{
  "n_test": 2189,
  "n_entries": 410,
  "auc_all": 0.520801286884834,
  "auc_entries": 0.5299356383774884,
  "win_rate": 0.041463414634146344,
  "avg_ret": -2.9150785192169557e-05,
  "max_drawdown": -0.0760182748279179,
  "rolling20_sharpe": {
    "count": 287.0,
    "mean": 0.022045312485051767,
    "std": 0.2348301337487482,
    "min": -0.32489314482696546,
    "25%": -0.2236067977499789,
    "50%": 0.00045586461116633575,
    "75%": 0.22360679774997896,
    "max": 0.48670905303147327
  },
  "label_horizon": "open\u2192open log-return, H=20 bars",
  "p_min": 0.0,
  "p_max": 0.3333333333333333,
  "p_iqr": 0.019045468232460103
}