{
  "p_gate": 0.0265750970438937,
  "full_p": 0.0265750970438937,
  "mode": "widened"
}