{
  "n_test": 3378,
  "n_entries": 640,
  "auc_all": NaN,
  "auc_entries": NaN,
  "win_rate": 0.034375,
  "avg_ret": -3.4076712026260073e-06,
  "max_drawdown": -0.07757296539132408,
  "rolling20_sharpe": {
    "count": 490.0,
    "mean": 0.007772359941234423,
    "std": 0.19656807294793402,
    "min": -0.3248931448269656,
    "25%": -0.223606797749979,
    "50%": 0.0037029583568963884,
    "75%": 0.22360679774997896,
    "max": 0.3248931448269656
  },
  "label_horizon": "open\u2192open log-return, H=20 bars",
  "p_min": 0.3257575757575757,
  "p_max": 0.5,
  "p_iqr": 0.022891072891072894
}