{
  "n_test": 3378,
  "n_entries": 640,
  "auc_all": NaN,
  "auc_entries": NaN,
  "win_rate": 0.028125,
  "avg_ret": -5.132866004277422e-05,
  "max_drawdown": -0.09414434354666712,
  "rolling20_sharpe": {
    "count": 438.0,
    "mean": -0.0063193897481552495,
    "std": 0.23604690234102846,
    "min": -0.40896020237757635,
    "25%": -0.22360679774997855,
    "50%": 0.0017026521944558544,
    "75%": 0.22360679774997852,
    "max": 0.32484303199591597
  },
  "label_horizon": "open\u2192open log-return, H=20 bars",
  "p_min": 0.3257575757575757,
  "p_max": 0.5,
  "p_iqr": 0.022891072891072894
}