{
  "n_test": 3378,
  "n_entries": 640,
  "auc_all": NaN,
  "auc_entries": NaN,
  "win_rate": 0.0296875,
  "avg_ret": -3.689902355748023e-05,
  "max_drawdown": -0.1210243395427738,
  "rolling20_sharpe": {
    "count": 450.0,
    "mean": -0.010455446040779208,
    "std": 0.2190708019429251,
    "min": -0.40915245989866456,
    "25%": -0.22360679774997896,
    "50%": 0.0015181120399295983,
    "75%": 0.22360679774997896,
    "max": 0.32487473187128607
  },
  "label_horizon": "open\u2192open log-return, H=20 bars",
  "p_min": 0.3257575757575757,
  "p_max": 0.5,
  "p_iqr": 0.022891072891072894
}