{
  "n_test": 2189,
  "n_entries": 410,
  "auc_all": 0.5048282459864271,
  "auc_entries": 0.6984323432343233,
  "win_rate": 0.036585365853658534,
  "avg_ret": -5.470201815919607e-05,
  "max_drawdown": -0.09608157836953157,
  "rolling20_sharpe": {
    "count": 305.0,
    "mean": -0.02503415472671461,
    "std": 0.2371664628142884,
    "min": -0.40938753061243793,
    "25%": -0.22360679774997896,
    "50%": -0.0017855111368263214,
    "75%": 0.2236067977499789,
    "max": 0.4093425434699099
  },
  "label_horizon": "open\u2192open log-return, H=20 bars",
  "p_min": 0.0,
  "p_max": 0.04838709677419355,
  "p_iqr": 0.004053502607118566
}