{
  "n_test": 702,
  "n_entries": 168,
  "auc_all": 0.6074227200615355,
  "auc_entries": 0.59375,
  "win_rate": 0.047619047619047616,
  "avg_ret": -0.0003385274688932118,
  "max_drawdown": -0.10663619963010251,
  "rolling20_sharpe": {
    "count": 136.0,
    "mean": -0.047511178250720376,
    "std": 0.230530843870392,
    "min": -0.3989124971319001,
    "25%": -0.22360679774997896,
    "50%": -0.07541768122494366,
    "75%": 0.17281548497820776,
    "max": 0.3248148545886397
  },
  "label_horizon": "open\u2192open log-return, H=20 bars",
  "p_min": 0.3257575757575757,
  "p_max": 0.5,
  "p_iqr": 0.022891072891072894
}