{
  "n_test": 702,
  "n_entries": 638,
  "auc_all": 0.525695880005769,
  "auc_entries": 0.5804424333836099,
  "win_rate": 0.04075235109717868,
  "avg_ret": 5.5543757473645046e-05,
  "max_drawdown": -0.08759488286708572,
  "rolling20_sharpe": {
    "count": 442.0,
    "mean": 0.014667976957314236,
    "std": 0.20345435307802187,
    "min": -0.3248869738375206,
    "25%": -0.22360679774997894,
    "50%": 0.003635229241664194,
    "75%": 0.22360679774997894,
    "max": 0.40805889544442175
  },
  "label_horizon": "open\u2192open log-return, H=20 bars",
  "p_min": 0.0,
  "p_max": 0.1111111111111111,
  "p_iqr": 0.0
}