{
  "n_test": 2189,
  "n_entries": 410,
  "auc_all": 0.5071205951842356,
  "auc_entries": 0.5241909898477157,
  "win_rate": 0.03902439024390244,
  "avg_ret": -0.00014862650231679838,
  "max_drawdown": -0.09795703994498894,
  "rolling20_sharpe": {
    "count": 285.0,
    "mean": -0.0061756866578912975,
    "std": 0.2356703494823281,
    "min": -0.40942527224865255,
    "25%": -0.22360679774997896,
    "50%": 0.00045586461116633575,
    "75%": 0.2236067977499789,
    "max": 0.40902620115398686
  },
  "label_horizon": "open\u2192open log-return, H=20 bars",
  "p_min": 0.0,
  "p_max": 0.25,
  "p_iqr": 0.016583747927031506
}