bin,p_mean,y_rate,n
"(-0.001, 0.0137]",0.011960468680492732,0.057692307692307696,468
"(0.0137, 0.0202]",0.020010213932309787,0.02654867256637168,339
"(0.0202, 0.0247]",0.024719101123595506,0.02973977695167286,269
"(0.0247, 0.0301]",0.028775393693827624,0.04152249134948097,289
"(0.0301, 0.0316]",0.031346495026042406,0.04837545126353791,1385
"(0.0316, 0.057]",0.050862496045518395,0.030864197530864196,324
"(0.057, 1.0]",0.07894400562744215,0.049342105263157895,304
