bin,p_mean,y_rate,n
"(-0.001, 0.0136]",0.013249748471480536,0.0273972602739726,219
"(0.0136, 0.024]",0.024,0.028112449799196786,249
"(0.024, 0.0426]",0.0425531914893617,0.0673076923076923,104
"(0.0426, 0.0702]",0.06844776256010268,0.08461538461538462,130
