bin,p_mean,y_rate,n
"(-0.001, 0.00688]",0.0047260398683194515,0.022435897435897436,312
"(0.00688, 0.00857]",0.008565310492505354,0.0,168
"(0.00857, 0.0109]",0.010899726113349295,0.020833333333333332,192
"(0.0109, 0.0117]",0.011711711711711712,0.007142857142857143,420
"(0.0117, 0.0132]",0.013201320132013201,0.013745704467353952,291
"(0.0132, 0.015]",0.014962593516209474,0.018404907975460124,326
"(0.015, 0.0176]",0.017341845204208353,0.016129032258064516,124
"(0.0176, 0.0207]",0.020543714812201,0.004219409282700422,237
"(0.0207, 0.0484]",0.03687332760606206,0.03361344537815126,119
