bin,p_mean,y_rate,n
"(-0.001, 0.0133]",0.01139934963531811,0.05576923076923077,520
"(0.0133, 0.0205]",0.020451449141228678,0.02109704641350211,237
"(0.0205, 0.0237]",0.023659305993690847,0.03943661971830986,355
"(0.0237, 0.0318]",0.031661906090067395,0.04688700999231361,1301
"(0.0318, 0.033]",0.03230667637447299,0.04406779661016949,295
"(0.033, 0.0553]",0.04922235915287038,0.03225806451612903,341
"(0.0553, 1.0]",0.07333658006850093,0.04559270516717325,329
