bin,p_mean,y_rate,n
"(-0.001, 0.0263]",0.024991747548889394,0.03834355828220859,652
"(0.0263, 0.111]",0.06089276895565817,0.12,50
