bin,p_mean,y_rate,n
"(-0.001, 0.0214]",0.02065283437527904,0.05537459283387622,614
"(0.0214, 0.0288]",0.02879581151832461,0.03919372900335946,893
"(0.0288, 0.0334]",0.033350979354155645,0.053557154276578735,1251
"(0.0334, 0.0416]",0.0414328865982542,0.015957446808510637,376
"(0.0416, 0.214]",0.05859199894870152,0.02459016393442623,244
