bin,p_mean,y_rate,n
"(0.0179, 0.0588]",0.028131816624903102,0.07692307692307693,13
