{
  "p_gate": 0.013201320132013201,
  "full_p": 0.014962593516209476,
  "mode": "widened"
}