{
  "p_gate": 0.03160040774719673,
  "full_p": 0.03160040774719673,
  "mode": "widened"
}