{
  "p_gate": 0.033350979354155645,
  "full_p": 0.033350979354155645,
  "mode": "widened"
}