{
  "p_gate": 0.031786074672048435,
  "full_p": 0.031786074672048435,
  "mode": "widened"
}