{
  "n_test": 2189,
  "n_entries": 410,
  "auc_all": 0.4646408284321118,
  "auc_entries": 0.49941871730284837,
  "win_rate": 0.03170731707317073,
  "avg_ret": -0.00032132541586083597,
  "max_drawdown": -0.1512629521335529,
  "rolling20_sharpe": {
    "count": 299.0,
    "mean": -0.02787913663135997,
    "std": 0.2507017591598184,
    "min": -0.4873397172404483,
    "25%": -0.22360679774997905,
    "50%": -0.013624153396106519,
    "75%": 0.223606797749979,
    "max": 0.3830070907957227
  },
  "label_horizon": "open\u2192open log-return, H=20 bars",
  "p_min": 0.0,
  "p_max": 0.2222222222222222,
  "p_iqr": 0.012822650570266127
}