{
  "p_gate": 0.03038674033149171,
  "full_p": 0.03868471953578337,
  "mode": "widened"
}