{
  "p_gate": 0.027259684361549498,
  "full_p": 0.028662420382165606,
  "mode": "widened"
}