{
  "p_gate": 0.023529411764705882,
  "full_p": 0.03731343283582089,
  "mode": "widened"
}