{
  "p_gate": 0.025477707006369428,
  "full_p": 0.033773861967694566,
  "mode": "widened"
}