{
  "p_gate": 0.027426160337552744,
  "full_p": 0.033766233766233764,
  "mode": "widened"
}