{
  "p_gate": 0.021410579345088162,
  "full_p": 0.021410579345088162,
  "mode": "widened"
}