{
  "n_test": 2189,
  "n_entries": 410,
  "auc_all": 0.49864776554566936,
  "auc_entries": 0.4592133307498547,
  "win_rate": 0.03170731707317073,
  "avg_ret": -0.00012378171330542886,
  "max_drawdown": -0.1139455374659919,
  "rolling20_sharpe": {
    "count": 292.0,
    "mean": -0.007258541868077193,
    "std": 0.26218127573571626,
    "min": -0.486755904474823,
    "25%": -0.22360679774997907,
    "50%": -0.009937732284310372,
    "75%": 0.22360679774997907,
    "max": 0.3830070907957227
  },
  "label_horizon": "open\u2192open log-return, H=20 bars",
  "p_min": 0.0,
  "p_max": 0.15,
  "p_iqr": 0.0002840704664070215
}