{
  "p_gate": 0.011711711711711712,
  "full_p": 0.011711711711711712,
  "mode": "widened"
}