{
  "p_gate": 0.028795811518324606,
  "full_p": 0.028795811518324606,
  "mode": "widened"
}