{
  "p_gate": 0.018924302788844622,
  "full_p": 0.018924302788844622,
  "mode": "widened"
}