{
  "p_gate": 0.02627511591962906,
  "full_p": 0.02627511591962906,
  "mode": "widened"
}