{
  "n_test": 2189,
  "n_entries": 410,
  "auc_all": 0.4632508922736641,
  "auc_entries": 0.5279522613065326,
  "win_rate": 0.02926829268292683,
  "avg_ret": -0.00036735124371981074,
  "max_drawdown": -0.16698248366577995,
  "rolling20_sharpe": {
    "count": 297.0,
    "mean": -0.04290354031875242,
    "std": 0.25605926369629084,
    "min": -0.4873397172404483,
    "25%": -0.22360679774997907,
    "50%": -0.017590304538508718,
    "75%": 0.22360679774997905,
    "max": 0.3830070907957227
  },
  "label_horizon": "open\u2192open log-return, H=20 bars",
  "p_min": 0.0,
  "p_max": 0.2222222222222222,
  "p_iqr": 0.012747969644521368
}