{
  "p_gate": 0.02471169686985173,
  "full_p": 0.02471169686985173,
  "mode": "widened"
}