{
  "n_test": 2189,
  "n_entries": 410,
  "auc_all": 0.5026441461820741,
  "auc_entries": 0.4440836940836941,
  "win_rate": 0.03414634146341464,
  "avg_ret": -7.775588544645405e-05,
  "max_drawdown": -0.0972251674978225,
  "rolling20_sharpe": {
    "count": 293.0,
    "mean": 0.008079936283423312,
    "std": 0.254231685163055,
    "min": -0.486755904474823,
    "25%": -0.22360679774997905,
    "50%": -0.00638060898090585,
    "75%": 0.22360679774997907,
    "max": 0.3830070907957227
  },
  "label_horizon": "open\u2192open log-return, H=20 bars",
  "p_min": 0.0,
  "p_max": 0.15,
  "p_iqr": 0.00015306780478563722
}