{
  "p_gate": 0.025280898876404494,
  "full_p": 0.04326923076923077,
  "mode": "widened"
}