{
  "p_gate": 0.02544529262086514,
  "full_p": 0.033773861967694566,
  "mode": "widened"
}