{
  "p_gate": 0.030470914127423823,
  "full_p": 0.03861003861003861,
  "mode": "widened"
}