{
  "p_gate": 0.03406593406593406,
  "full_p": 0.03406593406593406,
  "mode": "widened"
}