{
  "n_test": 2189,
  "n_entries": 410,
  "auc_all": 0.44952495852812546,
  "auc_entries": 0.4666305916305916,
  "win_rate": 0.03414634146341464,
  "avg_ret": -5.5031405460099335e-05,
  "max_drawdown": -0.05414876717481676,
  "rolling20_sharpe": {
    "count": 307.0,
    "mean": -0.008653149633605943,
    "std": 0.20469810559482407,
    "min": -0.32487545378819993,
    "25%": -0.22360679774997874,
    "50%": 0.001518112039929598,
    "75%": 0.2236067977499788,
    "max": 0.3245404328646932
  },
  "label_horizon": "open\u2192open log-return, H=20 bars",
  "p_min": 0.0,
  "p_max": 0.3333333333333333,
  "p_iqr": 0.0022581957062174536
}