{
  "p_gate": 0.02815884476534296,
  "full_p": 0.02857142857142857,
  "mode": "widened"
}