{
  "p_gate": 0.02522851919561243,
  "full_p": 0.02522851919561243,
  "mode": "widened"
}