{
  "p_gate": 0.017632241813602016,
  "full_p": 0.0206794682422452,
  "mode": "widened"
}