{
  "p_gate": 0.028673835125448025,
  "full_p": 0.030226700251889168,
  "mode": "widened"
}