{
  "p_gate": 0.030821917808219176,
  "full_p": 0.03208556149732621,
  "mode": "widened"
}