{
  "p_gate": 0.028523489932885907,
  "full_p": 0.028523489932885907,
  "mode": "widened"
}