{
  "p_gate": 0.026296566837107377,
  "full_p": 0.026296566837107377,
  "mode": "widened"
}