{
  "n_trades": 8276,
  "win_rate": 0.333252779120348,
  "turnover": 256.3106493522036,
  "avg_concurrent_positions": 25.34009288010172,
  "max_drawdown": -33259.34696841531,
  "CAGR": -0.6422931060370858,
  "Sharpe": -7.226269953542129,
  "Sortino": -10.201128762151853,
  "Calmar": -1.9311657160528102,
  "max_dd_abs": 33259.346968415295
}