{
  "n_test": 2189,
  "n_entries": 410,
  "auc_all": 0.4499572714020007,
  "auc_entries": 0.4696067821067821,
  "win_rate": 0.03414634146341464,
  "avg_ret": -8.937998105038511e-05,
  "max_drawdown": -0.06575493246751307,
  "rolling20_sharpe": {
    "count": 310.0,
    "mean": -0.01660484666307628,
    "std": 0.21067039411925412,
    "min": -0.40891078266517944,
    "25%": -0.2236067977499788,
    "50%": -0.0020230309458496433,
    "75%": 0.22360679774997883,
    "max": 0.3245404328646932
  },
  "label_horizon": "open\u2192open log-return, H=20 bars",
  "p_min": 0.0,
  "p_max": 0.3333333333333333,
  "p_iqr": 0.0021672038954804185
}