{
  "p_gate": 0.029399412011759767,
  "full_p": 0.029399412011759767,
  "mode": "widened"
}