{
  "n_test": 2189,
  "n_entries": 410,
  "auc_all": 0.5203966219273112,
  "auc_entries": 0.5271729957805907,
  "win_rate": 0.036585365853658534,
  "avg_ret": -9.61076160299e-05,
  "max_drawdown": -0.10087070133941767,
  "rolling20_sharpe": {
    "count": 272.0,
    "mean": -0.0009180563856502622,
    "std": 0.24020420396895234,
    "min": -0.4089897358092578,
    "25%": -0.22360679774997896,
    "50%": -0.006664015511117223,
    "75%": 0.223606797749979,
    "max": 0.48670905303147327
  },
  "label_horizon": "open\u2192open log-return, H=20 bars",
  "p_min": 0.0,
  "p_max": 0.3333333333333333,
  "p_iqr": 0.017154751650875683
}