{
  "p_gate": 0.020289855072463767,
  "full_p": 0.0380952380952381,
  "mode": "widened"
}