{
  "p_gate": 0.025590551181102362,
  "full_p": 0.033773861967694566,
  "mode": "widened"
}