{
  "n_test": 2189,
  "n_entries": 410,
  "auc_all": 0.5035942291258231,
  "auc_entries": 0.5265822784810127,
  "win_rate": 0.036585365853658534,
  "avg_ret": -0.00015774222402350436,
  "max_drawdown": -0.10087070133941767,
  "rolling20_sharpe": {
    "count": 279.0,
    "mean": -0.010906012905483271,
    "std": 0.23623283058984698,
    "min": -0.40942527224865255,
    "25%": -0.22360679774997896,
    "50%": -0.006664015511117223,
    "75%": 0.2236067977499789,
    "max": 0.4090926823368741
  },
  "label_horizon": "open\u2192open log-return, H=20 bars",
  "p_min": 0.0,
  "p_max": 0.25,
  "p_iqr": 0.023171181131380135
}