{
  "n_test": 2189,
  "n_entries": 410,
  "auc_all": 0.4704619715477806,
  "auc_entries": 0.4865336175159853,
  "win_rate": 0.03170731707317073,
  "avg_ret": -0.00011261218588671443,
  "max_drawdown": -0.0745351152700412,
  "rolling20_sharpe": {
    "count": 307.0,
    "mean": -0.030141594942841944,
    "std": 0.2137844509009041,
    "min": -0.32487545378819993,
    "25%": -0.22360679774997883,
    "50%": -0.07511373990724171,
    "75%": 0.22360679774997883,
    "max": 0.3245404328646932
  },
  "label_horizon": "open\u2192open log-return, H=20 bars",
  "p_min": 0.0,
  "p_max": 0.3333333333333333,
  "p_iqr": 0.002953645587991903
}