{
  "p_gate": 0.02924634420697413,
  "full_p": 0.02924634420697413,
  "mode": "widened"
}