{
  "p_gate": 0.03067484662576687,
  "full_p": 0.0335195530726257,
  "mode": "widened"
}