{
  "p_gate": 0.029115341545352745,
  "full_p": 0.029115341545352745,
  "mode": "widened"
}