{
  "p_gate": 0.026404224675948152,
  "full_p": 0.026404224675948152,
  "mode": "widened"
}